scene_id,im_id,obj_id,score,R,t,time
000002,000003,8,0.8310856223106384,0.42304143687766693 0.905364289399454 -0.03676202068304443 0.7863106829233564 -0.3869688884406506 -0.4816332518624646 -0.45027930510415837 0.17484445332703308 -0.8756014872849904,103.3977461193488 -88.50268496392887 1037.010949422151,-1
000002,000008,8,0.9386640191078186,0.44814675380660507 0.8857728351087588 0.12071027974449183 0.8589987982669216 -0.3892840368941426 -0.3325342135711512 -0.2475591881320231 0.2527141135805262 -0.9353341783387488,-72.71882833574122 23.927797557339495 1025.6099724533494,-1
000002,000017,8,0.7675536274909973,0.3014886113911974 0.9521742001737314 -0.0496881245864888 0.48052713475352093 -0.19674779527521769 -0.8546250510135499 -0.8235279533610131 0.23378322775138505 -0.5168627597875135,53.78089093586944 -35.42110142809122 1094.2631759685087,-1
000002,000027,8,0.7845242619514465,0.37343996922998657 0.9266349362587284 0.04347739971857861 0.47889463621705264 -0.15243391100163084 -0.8645367720226156 -0.794482546557219 0.34367367906420965 -0.5006854157396912,213.8267646148266 42.63027532631645 1104.2423752286757,-1
000002,000036,8,0.8937608599662781,0.40537414864245147 0.9117944985528956 0.06559414624096785 0.7921517172094128 -0.31455637948338144 -0.523020019739671 -0.45625371947479665 0.2639793108085954 -0.8497926023038993,107.21107278608518 13.449439213915314 1027.4418140612,-1
000002,000038,8,0.8779543042182922,0.6499430646544326 0.7535278571739508 0.09884220338720852 0.7226622573441668 -0.572521104138388 -0.38727102541552855 -0.2352302585082061 0.32313364693110463 -0.9166522632400835,129.70851813901663 17.08852458546313 1026.624956953405,-1
000002,000039,8,0.8623614311218262,0.6870569890683796 0.7211843172344192 0.0885769402689959 0.651411840205963 -0.5573582808748263 -0.5147954556712203 -0.321893318060151 0.41139388341999344 -0.8527249055075403,163.4546244910472 53.7138702531173 1013.2337750800538,-1
000002,000041,8,0.8045649528503418,0.7249297437105846 0.6872081174905126 0.04713671540160813 0.5594789720991445 -0.5475069248240692 -0.6222695935433258 -0.4018210378546535 0.47747373804727444 -0.7813825458842629,211.4667153810324 -15.156290806185595 1044.5551432704372,-1
000002,000047,8,0.7636759877204895,0.7720612149354373 0.6341853263587438 0.04159870459124981 0.4648780717611754 -0.5188893531852079 -0.717385682563186 -0.4333703483027281 0.5732039872351643 -0.6954331960941196,184.45673404713918 -99.91943237532521 1027.5278567947298,-1
000002,000058,8,0.653087317943573,0.7828550841873048 0.5490014518304687 -0.2928059477710889 0.07538327925714908 -0.5508162991455152 -0.8312152343431134 -0.6176206589570387 0.6286483997304662 -0.4725948699952185,100.08990589207244 -43.83370380546775 1097.6354268010166,-1
000002,000061,8,0.7765102982521057,0.8234392615387147 0.5171665850225328 -0.233423447606935 0.07109224547563273 -0.5021832769500163 -0.8618340031496643 -0.5629331001014317 0.6930733580854731 -0.45028396054302977,218.15754082673516 -135.59685036045008 1068.9895960373424,-1
000002,000062,8,0.8069851994514465,0.9439270376766212 0.29082456328514195 -0.1562780244725564 0.07625963068622425 -0.6526056873826898 -0.7538503071057064 -0.3212261139301087 0.6996619828072509 -0.6381903270526648,-22.38285663407158 -164.20377146046349 1115.7210916519077,-1
000002,000064,8,0.6482493281364441,0.9513730611523035 0.28147829257635093 -0.1251370022095689 0.028525100219379707 -0.48499113067972965 -0.8740537293664916 -0.30671748755356254 0.8279816265898055 -0.46943669313181147,-11.389046538683175 -108.49903347988949 1154.203728692746,-1
000002,000065,8,0.6030675172805786,0.7600406759265251 0.3814088053416365 -0.5261800966827008 -0.37682277320245566 -0.40101272817211986 -0.8349810713063885 -0.529474048970449 0.8328962210574733 -0.16106246122240675,220.43153775027582 -14.357325301087435 1160.747499840792,-1
000002,000069,8,0.6617723107337952,0.735556137233808 0.6617767081964454 -0.14494398044194906 -0.024329368101243032 -0.18800894562207326 -0.981865936986242 -0.677026772606131 0.7257439113452854 -0.12219052467263314,114.73663326109174 91.13102264594232 1152.169529377993,-1
000002,000072,8,0.6830295324325562,0.5910032316072577 0.6618271101715616 -0.4611941635273996 -0.05949259215782038 -0.5344087985394159 -0.8431298046694836 -0.804472380947986 0.5257300755003634 -0.2764635165917213,41.4978457909647 -17.27792581049838 1123.1304447925495,-1
000002,000079,8,0.7267909049987793,-0.2233143851229804 0.9551688350031331 -0.19437896500368146 0.5977556706791125 -0.0233215460439109 -0.8013390441386754 -0.7699472992147641 -0.29514166450855245 -0.565749550864171,281.2377599395959 -29.676933172739687 1063.9514855058546,-1
000002,000089,8,0.6153262853622437,0.12018271230859456 0.7756794491760124 -0.619578492031597 0.2136950079034018 -0.6296851094986153 -0.7468809185358011 -0.9694795300878274 -0.042638656190302826 -0.24143609038205227,47.29434094842753 -116.45745409261677 1119.4500209672997,-1
000002,000096,8,0.5245844721794128,-0.10485810135225648 0.992929828077578 -0.055633938334714694 0.08613088055310647 -0.04666476695363264 -0.9951903691959187 -0.9907503469572676 -0.10914557269534159 -0.08062874155696287,197.17639107120544 67.7713048772286 1137.8468473876314,-1
000002,000097,8,0.7159236073493958,-0.17850534729946643 0.9710389058078179 -0.1588058071767299 0.8119211408735085 0.05419663625550486 -0.5812458908424635 -0.5558056332821371 -0.23269329175149064 -0.7980814056132988,343.4029739551753 -161.66283745042597 966.6459324849425,-1
000002,000102,8,0.7647489309310913,-0.36805977023956604 0.9208858020200394 -0.12845756174358336 0.8157717559750117 0.2535329678020366 -0.5198437038100368 -0.4461484592427095 -0.2961256048966387 -0.8445479136437175,248.76763273054547 -125.59163760242228 956.4863031903283,-1
000002,000107,8,0.6896854043006897,-0.44515962926292274 0.8948044094263706 -0.03402900741457576 0.8306011300744668 0.39842347213192797 -0.3890507673470874 -0.33456638682556844 -0.20145422737054403 -0.9205875988090548,110.77540424412572 -28.195332173772663 971.5685821268306,-1
000002,000110,8,0.8298454880714417,-0.18731308980897587 0.9706900863970516 -0.15058075095011036 0.6800053766844685 0.01751179247013268 -0.7329979705324546 -0.7088769244843768 -0.23969583495540256 -0.6633546657999805,226.00758523809822 -33.96245164027934 1009.7410784106395,-1
000002,000115,8,0.7753256559371948,-0.0689791812621725 0.9787825019705594 -0.1929421840569157 0.2868702701052815 -0.1657734806201816 -0.943517144122349 -0.9554827683857641 -0.12043241656349302 -0.269348681746457,167.1993767580338 -94.5352216630337 1034.497559430847,-1
000002,000119,8,0.7896001935005188,0.3816202895660834 0.8932579805775034 -0.2376049972666808 0.6672858859145676 -0.44412059417314764 -0.5979017011938513 -0.6396057387568608 0.06962095924282596 -0.7655438726705346,303.7525028422774 -137.1324670543254 858.7709978153779,-1
000002,000124,8,0.8877515196800232,0.41224575904794947 0.9088979466296531 -0.06291229418309428 0.8980098740720471 -0.417016492167261 -0.14026942407245746 -0.15372605574880938 0.0013296138210248803 -0.988112610946243,172.32654279973116 -53.687452882874474 914.3693149149564,-1
000002,000126,8,0.8063552975654602,0.5742595577460514 0.8185532204818889 -0.014020897832794171 0.7711679455420873 -0.5466066637291354 -0.3263757879121865 -0.27481986846970485 0.17661194864909996 -0.9451361063300154,235.88683335611728 -125.6404239448276 945.5534741870528,-1
000002,000136,8,0.8612490296363831,0.18638847455874286 0.8701868072024039 0.4561077253484651 0.7865048018044878 0.14605883921637475 -0.6000641734225169 -0.5887864921091075 0.4705759620482661 -0.657182418094246,62.58086495327206 14.645426983159563 1033.5197717554515,-1
000002,000153,8,0.5959164500236511,-0.22820848547106243 0.9491427286464023 -0.21690774033368637 0.6000634104681379 -0.03832621961618199 -0.7990337942210448 -0.7667103694201289 -0.3125046904409503 -0.5607994542401542,397.18369905617817 -138.8010460732173 923.8749919848998,-1
000002,000156,8,0.8098502159118652,-0.12749174074559333 0.9917736139874298 0.01144354140862508 0.5868811448955529 0.08473420438111479 -0.8052270713121761 -0.7995726219723529 -0.09594380233351185 -0.5928561452713841,115.73490831502116 -12.266977172060493 971.5935524377114,-1
000002,000162,8,0.8759044408798218,0.9574422528470502 0.28499854898656135 0.04560876602934784 0.2715039220619337 -0.8357163399949392 -0.4773508346807938 -0.09792830422381808 0.469418817412572 -0.8775283591376575,144.62783175499158 -135.83107244427504 1084.8847734783983,-1
000002,000166,8,0.8381350040435791,0.995780826401524 -0.08961368451841639 0.019746729302131692 -0.05807389724142495 -0.7820448998195857 -0.6205104327288681 0.07104905509780088 0.6167456219651734 -0.7839495325315922,20.083016534959253 -156.9788055077173 1026.585653679049,-1
000002,000175,8,0.7202633619308472,0.9896176114256986 0.13057066988400495 0.06006898802324922 0.14200893170837953 -0.9527034141417172 -0.2686813502976352 0.022146026080086235 0.2744221289341622 -0.9613542784427094,89.03948041155314 -100.63569743387912 947.3008672670956,-1
000002,000176,8,0.7253402471542358,0.9835031168954065 0.17094824776891376 0.059146560692558796 0.18086012092873405 -0.9232250117296787 -0.33903568303996934 -0.0033519717576618382 0.3441399051279478 -0.9389123973959783,58.04913842460863 -190.0916643791699 978.9031336653538,-1
000002,000178,8,0.5225452184677124,0.5834188777942868 -0.6911795307268963 0.42648947154343986 -0.5409316980041389 -0.7223892424109974 -0.4307512977847252 0.6058178861073799 0.020606764739116407 -0.7953364383198931,-191.3793995426152 -430.93402683569565 1001.7236950457797,-1
000002,000203,8,0.8454602956771851,0.4472993417827986 0.8831927951320283 -0.14104533125045354 0.8387536817539439 -0.4689783745278284 -0.2766794997274641 -0.3105085509046071 0.005456267232366224 -0.95055492685221,304.1711286516386 -90.22024163902944 832.5196285680547,-1
000002,000207,8,0.7644917964935303,0.010706087301968092 0.8682101827458553 -0.4960811004977829 0.7338471665882518 -0.34381389961454323 -0.5858842364513962 -0.6792302376845993 -0.35777518221398413 -0.6408144842360177,273.06126335738287 -145.43838783545158 792.597344580428,-1
000002,000217,8,0.6314078569412231,0.3674021078006331 0.8976191823664246 -0.24350666239650082 0.19238946646096555 -0.3295033036280177 -0.9243451011895327 -0.9099461436692378 0.2927582216540705 -0.2937526838608102,153.9914579352108 -3.58272763648268 946.6107282111532,-1
000002,000219,8,0.4622230529785156,0.24268113483225184 0.9485246617925374 -0.203486689412068 0.08929129260493318 -0.23070687052841832 -0.9689176461164923 -0.9659880598959136 0.21696844439304258 -0.14068319827254694,186.00486638228983 -30.75188988449981 874.6800112401095,-1
000002,000221,8,0.5883239507675171,0.11086861161457096 0.9773646670257898 -0.1801845126758252 0.208409044775915 -0.20013509200941537 -0.9573461312409289 -0.9717375268117663 0.06858755423508034 -0.22588033643901362,129.81805521715722 -0.22296070224560083 902.4424736902532,-1
000002,000224,8,0.774381697177887,0.1586308184046823 0.8409749529717765 0.5172981654001676 0.595112734300594 0.33662329434473093 -0.7297435105417323 -0.7878306270547824 0.42361053596271553 -0.4470760750653624,223.64136563282378 -13.940827693047538 862.9415207017039,-1
000002,000243,8,0.8292993903160095,0.9578121899717082 0.2742763785433231 -0.08583866794609508 0.13044090754785795 -0.6810242761882239 -0.7205491689540674 -0.25608783333007334 0.6789539037486018 -0.6880702131358711,107.76799771499725 -264.5878012245474 980.890759023729,-1
000002,000248,8,0.5733171701431274,0.8030561819436093 0.5024721104440869 0.3203475407553776 0.4020004980282369 -0.059975577794875834 -0.9136730978053479 -0.4398822208582684 0.8625107003939353 -0.2501577971576372,236.21869720904587 0.36554045549934244 1022.4139079085649,-1
000002,000249,8,0.8317385315895081,0.9478513587241821 0.3093460616392968 -0.07669951703223489 0.19085018301347992 -0.743644079239008 -0.640757123297501 -0.2552528342809202 0.5927043930670871 -0.7639028033922461,67.49242533338256 -94.06667795240831 973.3590016451299,-1
000002,000254,8,0.8336874842643738,0.9943949003062821 -0.058376561581294895 0.08815304477330607 0.0009083956028093747 -0.8290102013994911 -0.5592327429550282 0.10572585805888746 0.5561782655170203 -0.8243104875616902,26.329266352230565 -258.1308352817003 944.2133721542116,-1
000002,000258,8,0.5977457165718079,-0.09924695566723485 0.9584908784773896 -0.2672924945942702 0.3552467484933934 -0.21678711118872518 -0.9092871362266813 -0.9294889937356213 -0.1851987696991787 -0.3189853072262938,267.34906658879885 1.7352844051365395 863.2972772582801,-1
000002,000263,8,0.8221530318260193,-0.29139112099391307 0.9535832338687052 -0.07596203453313849 0.41125759514259974 0.053182472368870304 -0.9099663812857377 -0.863688835775615 -0.29639608755386293 -0.40766524776994006,187.84295936336082 -23.039230094015426 862.056679120319,-1
000002,000266,8,0.8614754676818848,0.8527915598572234 0.5218491430144768 -0.020494569313354194 0.45755574274791566 -0.7654920924544124 -0.4523987164749361 -0.25177231324092614 0.3764243992155961 -0.8915802678169205,188.19280974427062 -194.27900336368444 818.0305406432892,-1
000002,000268,8,0.7445778250694275,0.7316358127856497 0.6770382658778367 -0.07955013505088028 0.6288705717816694 -0.7153706525756001 -0.30457615366367097 -0.2631175429280187 0.17281208282609078 -0.9491602302208149,184.29426764168136 -185.48151100375298 775.3353058474986,-1
000002,000277,8,0.7481694221496582,0.34564988259968243 0.9346939682364163 -0.08290563552188235 0.578832778215116 -0.281920876283799 -0.7651622274911023 -0.7385653481734681 0.2164897347631901 -0.638477424205091,218.04165468755542 -60.35558693215967 767.911801856211,-1
000002,000283,8,0.7499298453330994,0.5062037073019046 0.5959564641325823 -0.623372841542201 0.048855902980587285 -0.7414788802549712 -0.6691951665095808 -0.8610289817757352 0.3082936311285463 -0.4044553492634466,121.88162654540353 -164.40760612180134 864.2610786196212,-1
000002,000307,8,0.8868570923805237,0.9935378205260931 -0.10905987656158525 0.031441095856101886 -0.09145073816121577 -0.9332604499962933 -0.34736392294319335 0.06722619782517492 0.34224388350573604 -0.9372031596878463,-87.71114195118973 -193.87468014706482 780.0977713057804,-1
000002,000310,8,0.7999877333641052,0.9908400761696552 -0.13290671121736325 -0.023911285400334936 -0.12805576948166092 -0.8685344822570356 -0.4788001389232916 0.0428679759094312 0.4774763441720313 -0.8775982437297494,-27.396163510605685 -246.13016679592965 830.0975358265351,-1
000002,000322,8,0.57643061876297,0.9826311126390834 0.14216810852758915 -0.11926577627871497 -0.023094325453584107 -0.5440163276190844 -0.8387567510403057 -0.18412699043193204 0.8269428421611332 -0.5312840927347124,32.605571736803135 -100.68285591122323 954.8111192433208,-1
000002,000326,8,0.5772773623466492,0.8495226689612074 0.03869560289815632 -0.5261310532912641 -0.44870527668115723 -0.471491437013126 -0.75918337672909 -0.27744334484631805 0.8810212682674837 -0.3831797427589845,-10.774181664193762 -190.84866377249003 844.6815798278536,-1
000002,000338,8,0.7746624946594238,0.46914839263565555 0.8820995916327685 -0.04242753974347441 0.631093142838419 -0.36848149300765565 -0.6826000544778592 -0.6177549924927421 0.2934649889716874 -0.729559503740538,114.55526351436532 -158.63703833117808 700.6715465876536,-1
000002,000342,8,0.8478379845619202,0.0802605150866661 0.9967739019416907 0.00019525870050307592 0.8769443546974401 -0.0705186817462129 -0.47539006540846723 -0.4738426410553544 0.03832628253187925 -0.8797751119376891,112.4235657866632 -106.62646094283414 624.9925655885156,-1
000002,000356,8,0.6295047402381897,0.07876960816849699 0.9965208992787968 -0.027229508434034877 0.26995616694058255 -0.04761647289443083 -0.9616945146146161 -0.9596452556855213 0.06840152636945773 -0.2727676931577465,138.1947363508259 -64.52365866558262 725.7939151739268,-1
000002,000362,8,0.7288963198661804,0.4052198495843864 0.9142116795085384 -0.0037253929973510846 0.19748773494223176 -0.09151275062067254 -0.976024595500147 -0.8926340056541617 0.3947688203544147 -0.217628376885437,122.75122174145072 -58.891098978446976 761.1206183572937,-1
000002,000365,8,0.6274639964103699,0.7334941287360874 0.5078011894035379 -0.45180118985018214 -0.06192585682668805 -0.6120196129594713 -0.7884143463999245 -0.6768689321914314 0.6062754698924342 -0.4174667690256797,-1.7975302975242755 -214.53823539681022 830.7563840033804,-1
000002,000368,8,0.7595800757408142,0.9853210678942761 -0.10732849905843694 -0.13275159680224763 -0.16054083023641352 -0.8469802690152026 -0.5068047609542935 -0.05804338886287111 0.5206774598432303 -0.8517781094983103,-17.482999309472767 -241.00966037472324 763.4500181148544,-1
000002,000387,8,0.7639386057853699,0.25761218012762543 0.8412514802952104 -0.47532295500113303 0.4889664964854147 -0.5377889317311677 -0.6868004296898977 -0.8333953023413743 -0.05548884400099402 -0.5498847681348906,-1.5296290093387923 -177.14998218819522 682.3760487948723,-1
000002,000389,8,0.8233872652053833,-0.20116756146137416 0.9351055778727013 -0.29173476043667773 0.38780216911363286 -0.19746243191413226 -0.9003433043085942 -0.8995227011290186 -0.2942552399090254 -0.32291293554089195,185.48720104772806 -100.99533627169097 662.5967347711397,-1
000002,000402,8,0.7859595417976379,0.13918343050178694 0.9857023448501272 -0.0949676788740021 0.9653644966801942 -0.15642942789902992 -0.20880905784131584 -0.22067931761528975 -0.06261566452688691 -0.9733344324191493,-11.095790860710736 167.7533847609301 981.4251135096503,-1
000002,000415,8,0.7718159556388855,-0.07689148838170179 0.9619504975989475 -0.2621811190448017 0.6945177946422225 -0.13699193577076207 -0.7063131334323918 -0.7153549691864528 -0.23639892068898552 -0.6575582243097053,57.02204403056512 34.55961261178564 930.0944372432618,-1
000002,000417,8,0.8614456057548523,-0.33051962912968835 0.9135955451738735 -0.23685428980372397 0.620690740481098 0.021357898870038694 -0.7837645340514482 -0.7109850768061168 -0.4060628276440855 -0.5741195002477186,51.114479378289445 25.501593492082648 980.0957969604053,-1
000002,000425,8,0.7647820115089417,0.07127686904965813 0.7588983198259681 -0.6472966461397746 0.39774351699639665 -0.6167456843796759 -0.679282603550527 -0.9147238395416483 -0.20904090739462414 -0.3458065881527088,-16.86224715642026 3.738520087754619 1039.2985426512057,-1
000002,000428,8,0.8805921673774719,-0.5793496608899336 0.7402265345366604 -0.3412017702101875 0.5209984610616148 0.014382433949293283 -0.8534364353395766 -0.6268289830553054 -0.6722037065961036 -0.3939893435618673,-38.90175304188004 7.85074485973038 1076.7488562878304,-1
000002,000434,8,0.8114514350891113,-0.5118494393285924 0.7716518830701153 -0.377575850410684 0.4837594901794364 -0.10430547097080067 -0.868963246856213 -0.7099203526596051 -0.6274342515992453 -0.31990522471469207,32.631766499567405 -21.45021300361385 1080.953200304805,-1
000002,000435,8,0.8533517122268677,-0.5175650253167472 0.7670276700871446 -0.37920310901884957 0.48389535509102743 -0.10311424386732759 -0.8690297682087754 -0.7056711202041667 -0.6332740370742794 -0.3177928005437516,37.743197038157945 -10.116423689249288 1039.369798131863,-1
000002,000438,8,0.875203549861908,-0.23009267033405756 0.9328990444767595 -0.2770500602289994 0.4983289972355922 -0.13158408757789064 -0.8569444780208713 -0.8358980641039386 -0.33523872197382487 -0.43461411127187843,-114.68628639708729 31.30349255486535 1004.732016003845,-1
000002,000442,8,0.8413304090499878,-0.4985105513594186 0.8116234615607861 -0.30455637709201977 0.3219835064915343 -0.1528335896528903 -0.9343278415102639 -0.8048688413218302 -0.5638344176421831 -0.18514021106003775,-63.873927864478624 111.81123563150034 1036.6940334621156,-1
000002,000446,8,0.8035473823547363,0.5291914917325198 0.8477361239277208 -0.036053145021126776 0.5884315537383389 -0.39727249183599045 -0.7042179164118927 -0.611313889620541 0.35145132154884107 -0.7090679071418888,-137.1999120103426 -17.126978293754874 895.211419804825,-1
000002,000453,8,0.8464937210083008,0.3637587139783711 0.8987865852639689 0.24466767697089867 0.9022212336808884 -0.2746272703734429 -0.3325307622800755 -0.23168177204980447 0.34170533580376905 -0.910802404467125,-227.3049616113965 37.9550382602301 967.5908035346912,-1
000002,000473,8,0.8727267384529114,0.3867325344152326 0.84964425026159 -0.35852837380351305 0.39093522826207144 -0.5031628723764263 -0.7707118600135763 -0.8352290668603752 0.15789797927562282 -0.5267453217753548,-294.2732205078797 20.202719203871034 1101.854269775568,-1
000002,000474,8,0.8519337177276611,0.2850353623845844 0.9122724187611342 -0.29413241262737233 0.6223730543800772 -0.40952295340068745 -0.6670402775092312 -0.7289764216844756 0.00706997918587865 -0.6845022951184383,-124.166605118318 -15.730186743638292 939.5191737093793,-1
000002,000476,8,0.8854984641075134,0.5566022801966715 0.8216619914913829 -0.12274149020718594 0.6116728325279003 -0.5052856001487709 -0.6087222751219079 -0.5621834643843248 0.2637385713556346 -0.7838314349093993,24.257668735995452 -91.93316389250474 903.3915112356386,-1
000002,000477,8,0.8199503421783447,0.7862362259635445 0.6086976727442746 -0.10639426760077952 0.3713020414608562 -0.6030107748831541 -0.7060543884020685 -0.49393055280029285 0.5156211289023389 -0.7001196043819051,-86.72994303475932 -134.5680117692462 971.3719971947439,-1
000002,000480,8,0.874144434928894,0.7598391904650226 0.6314617143557817 -0.15459789111212455 0.2594642503675261 -0.5126000831652744 -0.8184860765585277 -0.5960895129212365 0.5818051718933165 -0.5533353725757211,-149.1468750779375 -169.88297414278432 992.3418346924966,-1
000002,000491,8,0.8377059698104858,0.7154806927737682 0.6740774302107345 0.1835946522872084 0.6083198686275814 -0.47186266824117573 -0.6381947663160836 -0.34356122554923285 0.5683003082885059 -0.7476633225578868,-249.9076266475046 -42.35055828958971 965.8682456984737,-1
000002,000494,8,0.8391405344009399,0.3252730389716427 0.9381313732511105 0.11877279419184322 0.12581570071247544 0.0815511934699178 -0.9886960161231868 -0.937212814451649 0.33653964011037063 -0.09150525155422073,-114.94816876439987 82.43700631798575 1055.1206589754104,-1
000002,000499,8,0.7122045159339905,0.19738161112026864 0.980309225326917 -0.005858526308454848 -0.03489703927881593 0.001053829862390221 -0.9993903572139335 -0.9797054129896087 0.19746572406764912 0.0344178961777043,-133.8847674671496 198.5234040576984 1167.9320957692753,-1
000002,000501,8,0.6130051612854004,0.26131404516281764 0.9598205993519389 -0.10227114383016306 0.26353586969278747 -0.1728701950147964 -0.9490335826833594 -0.9285816147145662 0.22104368965259197 -0.2981205663466675,-55.15259287214732 -96.48052010640521 909.4791456742464,-1
000002,000503,8,0.9051181077957153,0.48882962732779034 0.8561694064696237 0.16739039062032812 0.3137189329521062 0.006518548374453981 -0.9494935174262552 -0.8140184436202694 0.5166540970054748 -0.26541009305128593,-121.75991682337421 -40.50686333429645 1103.9709319772476,-1
000002,000521,8,0.8289784789085388,0.26276782284490874 0.9359054503611738 0.23459339134254223 0.6897112314840631 -0.012172678701229067 -0.7239822118380905 -0.6747232680455624 0.35204092642402424 -0.6487030890017644,-122.29637547960016 -235.86005678394048 977.3574819885332,-1
000002,000527,8,0.8641030192375183,0.6446466810092779 0.7642934256439895 0.016917924846081733 0.26078153873803167 -0.19904704696757625 -0.9446551022182179 -0.718626221145003 0.6133806588170698 -0.32762863377914697,-96.57486351693807 -30.326401096695882 885.6362366168062,-1
000002,000529,8,0.8886399269104004,0.5513062369656138 0.8337293836845941 -0.030931341123879075 0.18547046296957614 -0.158621121083802 -0.9697628820036214 -0.8134261739387699 0.5288994750678294 -0.24208098815129908,-96.61129872605363 -3.726560488764184 942.9334524968252,-1
000002,000532,8,0.8491598963737488,0.781282077160648 0.6241463812962129 -0.006293697036382259 0.5816790813971406 -0.7317061507987304 -0.3553245771801957 -0.22637968586541068 0.2739478118148576 -0.934721795096985,-62.6662696253235 -79.40891917844563 879.9126475043006,-1
000002,000535,8,0.8913411498069763,0.8752452518884781 0.4674454068243894 -0.12425997217710825 0.45441213939095704 -0.8826952695700454 -0.1198276623021528 -0.16569657999128423 0.04841335267719468 -0.9849877109191496,-29.377883662410156 78.40591334456298 966.5190444164436,-1
000002,000540,8,0.7319790124893188,0.1005171503271376 0.9646618892290334 0.2435646566297827 0.7405346812664565 0.0909514846989048 -0.6658349745039327 -0.6644581915603867 0.24729590959038772 -0.7052234006101639,-117.30221780175923 -138.6687944007905 865.4527073826794,-1
000002,000543,8,0.8216680884361267,0.5308389725001773 0.8192852922201881 0.21675238228595556 0.4882472255251428 -0.08660402911268505 -0.8683975984008994 -0.6926937505434536 0.5668080381338381 -0.44598656466861586,-63.84994838969237 -30.045932764487993 877.2590930863755,-1
000002,000549,8,0.7412412762641907,0.15514209821503722 0.9834311604060044 -0.09377676739968978 0.9457219738884142 -0.17528759599162114 -0.27364978859133093 -0.2855536332565874 -0.04623214719194885 -0.95724694363575,-0.877966915698086 -61.65684036129744 822.5501019376666,-1
000002,000560,8,0.7909164428710938,-0.2994380767583933 0.9538808938382057 -0.02116786615747651 0.4717391505931725 0.12872899808995708 -0.8722906733700575 -0.8293364889988064 -0.2711827528092115 -0.4885293262373831,-3.449326756001011 -53.22185600548537 972.41339614793,-1
000002,000563,8,0.9062188267707825,0.22771859428545715 0.9407997374774031 -0.2510778679595337 0.3736168190330728 -0.32253653650343694 -0.8697014747348515 -0.8991967050385937 0.10424028291796267 -0.42494617196172,-203.9660760575131 -30.55649397227041 903.2844507026967,-1
000002,000571,8,0.7530614733695984,-0.3637703283237421 0.929717911027484 -0.057408659154592256 0.3868340330115743 0.0947162314210912 -0.9172721877443938 -0.847366850387267 -0.3558840280485732 -0.3941014836874954,-43.957742850098256 -1.5695063765698158 1020.6043626736621,-1
000002,000575,8,0.7212696075439453,-0.31799846685040123 0.9213811868530751 -0.22345846055589974 0.20198415146050064 -0.1644434278275826 -0.9654847288295636 -0.9263257405683896 -0.35215773107733 -0.1338116392653914,-183.76776525024673 39.8181935893205 1070.4167752830892,-1
000002,000589,8,0.8765727877616882,0.05847927554406929 0.9980462692158666 -0.021995882253983273 0.9179097871341241 -0.06241970851044942 -0.39184869869996763 -0.39245610839331857 0.0027247924252794264 -0.919766697859306,-147.02878556433845 -90.62203778564916 765.7371435004395,-1
000002,000603,8,0.6762012839317322,-0.6369881130879225 0.7663685556669999 -0.08321887207577722 0.27857422007948607 0.1281876021561943 -0.9518215917705121 -0.7187785108722953 -0.6294816721226454 -0.29514450150711613,-77.7170644543857 -138.91352672018985 1019.9366987671538,-1
000002,000607,8,0.835089385509491,0.21920188808537922 0.9229969484858309 -0.3162707152830457 0.2584065657590488 -0.3674992303678155 -0.8934038070501367 -0.9408382321272979 0.11410937194160614 -0.3190649968308543,-255.8622082455238 -10.326725145329746 787.8354934548819,-1
000002,000611,8,0.8552269339561462,0.13827585700970746 0.9368687524987589 -0.32118021103369765 0.295604491188551 -0.34855454395657937 -0.8894536045665222 -0.9452501109004903 0.028047646579361762 -0.325139289173072,-260.3489309564935 -44.87655784370235 780.6454237086112,-1
000002,000615,8,0.8941600322723389,0.5916716508451456 0.7802309255200011 0.20289002057366606 0.7300162395429679 -0.4117488503475226 -0.5454715155175727 -0.3420540126788811 0.4708530419352688 -0.8132013682419501,-200.0425372792333 -83.61203023098986 680.2346551771659,-1
000002,000625,8,0.8857834935188293,0.8550677205666797 0.5107759151652259 0.08925893642671598 0.2700234759858862 -0.2916805178972308 -0.9176109185791674 -0.44265846389897723 0.8087214847933308 -0.38732808363488025,-215.9216207446826 -63.50270048054077 695.9679127316855,-1
000002,000642,8,0.9035863280296326,0.7126607433591848 0.6832859594028927 0.1588551622000448 0.6288891109817133 -0.5219552397520795 -0.5762475282237489 -0.3108265609039299 0.5105712735536718 -0.8016881087171108,-110.53711104805508 -68.40293841094142 714.2904877120407,-1
000002,000648,8,0.8983089923858643,0.7933347207327668 0.5992052475846357 0.10757830704606919 0.3504870745581679 -0.305060380671214 -0.885492504040769 -0.4977738758186494 0.7401967545266389 -0.4520286861922709,-76.01390303516057 -95.85990495522655 677.5141178384265,-1
000002,000649,8,0.9315556287765503,0.7129101110095639 0.6990383023955811 0.055719165501964124 0.48682574250702854 -0.4361622304732784 -0.7568112083875709 -0.5047374268397495 0.5666638867022311 -0.6512543047494654,-94.53441335033739 -65.2185653950367 629.8446265596849,-1
000002,000650,8,0.9184734225273132,0.8231141743459606 0.5645118838176507 0.06172024805049725 0.17296179926254748 -0.14569407752791652 -0.9740931432718084 -0.5408948807177139 0.8124651185139807 -0.2175618514616784,-104.57299879327458 -34.28946088245972 668.301375861738,-1
000002,000652,8,0.8199349045753479,0.06823661175591844 0.9976388095654805 0.007782702926565993 0.872513871912892 -0.05589177781664678 -0.48538196556121493 -0.4838008972042589 0.03991133700173119 -0.8742675660477683,-138.67566019267497 -123.77883812918495 697.2885084786562,-1
000002,000667,8,0.6774725914001465,-0.4148414288614597 0.9083682031448665 -0.05266684360724039 0.38192662620043644 0.12130075370157678 -0.9161976748227327 -0.8258563077795888 -0.4001916224345486 -0.39725058116240586,-151.94691183796863 -109.87894302986341 834.8383127848214,-1
000002,000669,8,0.7735970616340637,-0.4815826850161813 0.8759205556850039 -0.029005130944023017 0.604936606485947 0.3082838444175352 -0.7341748929270271 -0.6341370669073623 -0.3711121816912227 -0.6783405700490786,-154.35930095323505 -206.2860468604041 802.0467788590677,-1
000002,000679,8,0.8451278209686279,0.7345959848071519 0.6784940794637265 0.003810936614643101 0.39250510275240946 -0.4203648650641407 -0.8180666993179269 -0.5534514282378635 0.6024443246909021 -0.5751107304069294,-268.5058877817152 -79.84165022186045 636.0373779601288,-1
000002,000691,8,0.898666501045227,0.2772640426046399 0.9596985077643181 -0.0458631101591868 0.9408772702970267 -0.2808759694746439 -0.18936380860685903 -0.19461401007365453 0.009352217203441551 -0.9808353190604588,-165.91334426480685 -101.32790151052666 652.0509850112119,-1
000002,000695,8,0.8624141812324524,0.42658002951821206 0.8581577668021475 0.2856479051094067 0.865742012648255 -0.29601926776462517 -0.4035633291663702 -0.26176372161166656 0.4194494491464336 -0.8692191401820164,-134.71312659170172 -116.54805173225249 592.5702759838608,-1
000002,000703,8,0.856529951095581,0.8748810426929992 0.47137290172223556 -0.11131373975556771 0.16868999419384692 -0.5119920524492314 -0.8422635122618713 -0.45401194587289273 0.7181028657168715 -0.5274480327519728,197.5277947600171 7.96069322033134 1114.4379618351416,-1
000002,000708,8,0.9004135727882385,0.9668723887151454 0.252310662877559 -0.038692548876440164 0.19755210850825058 -0.8356323432169317 -0.5125346343357929 -0.16165069861962655 0.4879117915853924 -0.8577943432243651,127.6836525978746 -49.36122329843645 1075.5757546716911,-1
000002,000711,8,0.8933168053627014,0.6208901254307804 0.7771547218835664 0.10259624942767931 0.3614108725135246 -0.16765535920789598 -0.9172098242811643 -0.6956131348469224 0.6065659228665489 -0.38496772312167815,145.2766558734856 129.4005498923178 1109.4799053289876,-1
000002,000727,8,0.8261026740074158,0.858297003047419 0.5131133877414538 -0.006395770501472553 0.025406027421778582 -0.05493904723351051 -0.9981664364522173 -0.5125239392754867 0.8565607698287162 -0.0601901923902437,168.79360013657 143.52025734748486 1133.4659468398518,-1
000002,000736,8,0.8990443348884583,0.6852461797748167 0.7279596639364694 0.022636271458044477 0.27105886291048553 -0.2260600918507194 -0.9356409181465504 -0.6759916907342088 0.6472801268028763 -0.35222673309156827,-28.134822238544064 93.42146391279212 1115.5065128909216,-1
000002,000737,8,0.8934234976768494,0.644992290489696 0.7565598351931315 -0.10771332777979425 0.10502346189891204 -0.22737085059132767 -0.9681283844367671 -0.7569379219325874 0.6131229175898733 -0.22610897873914393,24.70500286483932 84.86132791268142 1098.3948405412723,-1
000002,000739,8,0.9185897707939148,0.7742474802913915 0.6283637657496588 -0.0754971334246507 0.15292521572631346 -0.30150358787660925 -0.9411213869063826 -0.6141292353059672 0.7171154470449235 -0.32953105764414414,-19.937722359748374 -46.2353689747581 1153.5030598933904,-1
000002,000740,8,0.8543344140052795,0.8520566723580433 0.5153441291570098 -0.09175977132459115 0.0132618014186493 -0.19649486967837904 -0.9804151624761874 -0.5232815224267625 0.8341523810033031 -0.17425915629673394,60.80020776688234 110.86698976649876 1171.7057490405903,-1
000002,000750,8,0.6351293325424194,0.9950394538366462 0.09918170829380872 -0.007711941933829326 0.056355521113369264 -0.6258713617483345 -0.7778875842840828 -0.0819789030696893 0.7735942265058647 -0.6283561348218725,111.33298982118343 -136.29440304005752 1028.4530559387738,-1
000002,000754,8,0.7793750166893005,0.9932802513050615 0.08635768787537461 -0.07704993259032271 0.03700846902374748 -0.8677973299504333 -0.49553826022963926 -0.10965726418196024 0.48935686760861824 -0.8651619157917261,151.6905713688481 -257.3823354512795 1017.7148309073357,-1
000002,000756,8,0.7861115336418152,0.988583272940034 0.13163244455938466 -0.07332129296794113 0.013911284031167405 -0.5642753831629155 -0.8254694228939976 -0.15003195872804673 0.8150252704644598 -0.5596643814506692,121.55012424257197 -174.92087586001242 1074.6416444016481,-1
000002,000757,8,0.7727622985839844,0.9769606805662818 0.2101586102256639 -0.03716432665184374 0.08963809521343918 -0.5620964056198039 -0.822199880002304 -0.19368231853727352 0.7999256148776048 -0.5679843044915167,170.7451332921456 -204.42935166053144 1093.5321901144987,-1
000002,000758,8,0.7663681507110596,0.9800963177736236 0.1957009996162401 0.033351561219658835 0.1553336030843805 -0.6513595327739026 -0.7426992869374444 -0.1236231355346094 0.733097454513224 -0.6687940210160552,161.11740371946487 -253.8542196447311 1123.955944521961,-1
000002,000761,8,0.8146592378616333,0.9180406558475745 0.38928020608360997 0.07524809208516414 0.19479857387742733 -0.2775453381444952 -0.9407561325282863 -0.3453329839825262 0.8783105979240831 -0.3306291332414075,177.79270258891532 -17.78256799585349 1155.5160889389288,-1
000002,000762,8,0.7822819352149963,0.9871905978669338 0.15942775901339118 -0.006124797065529791 0.058465489094743375 -0.39720851451738315 -0.915864172560433 -0.14844699413608312 0.9037744108187961 -0.40144153283024875,-49.47025918128715 -111.56642323029948 1081.713988374687,-1
000002,000764,8,0.7586191892623901,0.9945565246192376 -0.09768556109886953 0.03626086720009446 -0.04006310584944991 -0.6797413867301705 -0.7323568766085564 0.09618870457075317 0.7269175870199756 -0.6799548182004864,69.92781136750641 -34.11723664652352 1124.5723101391702,-1
000002,000768,8,0.8569249510765076,0.9901568246506853 -0.13062830090004113 -0.050256438409821726 -0.13826044126703868 -0.8570604570802305 -0.49631786517318743 0.021760353359162897 0.49838099874834196 -0.8666849872406293,39.0703222148003 -195.78312117375864 1084.3257370591245,-1
000002,000769,8,0.8506917953491211,0.9995291779211599 0.002231609943725588 -0.03060134639700208 -0.013588315431403356 -0.8620172390927754 -0.5066967901917335 -0.027509637729111094 0.506874046903102 -0.8615810585244346,55.784054727593826 -205.93856237065359 1080.285184016367,-1
000002,000770,8,0.7458130717277527,0.9555710200561368 -0.2943444643457469 0.015664033257419552 -0.24530992027902257 -0.8235974054139015 -0.5113808334384357 0.16342297464424577 0.48481816189629784 -0.8592114298901763,-14.97227520071219 -144.4757287524446 917.5068257873197,-1
000002,000773,8,0.7293300628662109,0.8753974329179323 0.3898866509322199 0.2857756705276914 0.4727561507588744 -0.813890438876675 -0.33776319430154944 0.100900725271659 0.4307792392049449 -0.8967989131960756,83.49244511707538 -86.56753933334248 1033.6314890624847,-1
000002,000775,8,0.777765154838562,0.9864656990835151 0.07327423676052272 0.1466843916673982 0.10936848452648945 -0.9605550955816469 -0.2556803530670914 0.12216365713276127 0.2682625478506016 -0.9555685461005154,174.96534333996047 -120.75955872237611 1013.7357171919328,-1
000002,000785,8,0.724483072757721,0.9793728117704171 -0.19067343864117 0.06687701669227661 -0.036718552749920086 -0.4934035901216003 -0.8690251119151089 0.19869736648697287 0.848643940090229 -0.4902273141097646,222.20964860701716 -57.848102915678936 1139.2774868938784,-1
000002,000788,8,0.6910340785980225,0.9912693002352987 0.1297734511846834 0.02332436019782553 0.06269246327798414 -0.30826713145978757 -0.9492318108395297 -0.11599495445561381 0.9424066144871706 -0.31371156101053943,88.91231999547588 -50.00076551264591 1016.3857866621418,-1
000002,000791,8,0.7141789197921753,0.9973351535311131 0.024921253099587537 0.06856765035362734 0.0724942356008373 -0.44411174853838364 -0.8930337846995657 0.008196178116737493 0.8956247461711442 -0.4447349061071695,80.95640543754064 -147.09160499192464 1097.0925957297006,-1
000002,000794,8,0.7513914108276367,0.9587552207545691 -0.09529499079395048 0.26778217156009176 0.18465073183694702 -0.5074124814906733 -0.8416868068703212 0.21608455268236415 0.8564177942786209 -0.46888807591471604,-30.14792972304742 -92.3071578078326 1091.3243816735562,-1
000002,000801,8,0.702302873134613,0.997287411064557 -0.012862786956443904 0.07247322570347219 0.06794053488003582 -0.2179392309788335 -0.9735946668509279 0.02831789985800362 0.9758775744487973 -0.21647414680641264,62.583954246640516 -5.701017626315327 1208.4897062372252,-1
000002,000803,8,0.7572984099388123,0.9753469673041083 0.1984138998169707 0.09659305218337305 0.12794919709663063 -0.15182881337426468 -0.980090309304041 -0.17979793194863586 0.9682871143358174 -0.17347267184836324,113.10285198117728 83.23922895753387 1184.1218679872047,-1
000002,000804,8,0.6841892600059509,0.9452269227889493 0.3132013207569834 0.09192930496318891 0.16322280595191813 -0.20963252933356546 -0.9640604328891391 -0.2826736281511176 0.9262608354676845 -0.24927190902023177,225.931020501468 21.45567572309542 1198.4820062445608,-1
000002,000808,8,0.7174128293991089,0.9423184853299196 -0.29416503734661 -0.15969597054526352 -0.2683425144849139 -0.37874782857051126 -0.8857439682397147 0.20007040542129134 0.8775061328309851 -0.43583806593569796,-22.0128659225922 -198.5946663678739 1150.4739616951467,-1
000002,000809,8,0.8468523025512695,0.8119536891878969 0.5793496685153176 0.07131036534302718 0.4961972856944858 -0.6206947263286997 -0.6070636790133025 -0.30744017350305597 0.5282916034719204 -0.7914471058873604,-4.035967630857524 -114.11464299251503 992.3502096715947,-1
000002,000819,8,0.5798901915550232,0.9542097533533598 0.2835223583152609 0.09538772950790403 0.2991245516185615 -0.9074168979691271 -0.2951594076072823 0.0028721462906284023 0.3101767973518331 -0.9506745527046812,77.28583816622223 -20.376305997805815 925.7535063874077,-1
000002,000821,8,0.6414063572883606,0.9541263832207344 0.28321937854024276 0.09710627405785371 0.27881378613465463 -0.722282379726563 -0.6329068150982355 -0.10911332413312022 0.6309476583329332 -0.7681141418700796,144.90811049483236 -98.43208190151904 1051.376935418224,-1
000002,000828,8,0.8582201600074768,0.8316014647853215 0.5518877268185822 -0.06212037309873242 0.2684841514245835 -0.4974132647180507 -0.8249219990498203 -0.48616382444678985 0.6693280070858744 -0.5618227075597091,106.75007724194155 -95.2052830425277 1010.7961526070774,-1
000002,000837,8,0.6796629428863525,0.9666689916732587 -0.25311310187332287 -0.03853333877916957 -0.22199991415565828 -0.7536650227246879 -0.618631612218674 0.12754253663890228 0.6065663947017345 -0.7847356944642279,-7.090278500531369 -193.95913016068957 1009.0956036439632,-1
000002,000840,8,0.6799250245094299,0.9939769984130802 0.07372501150555731 -0.08108236123984694 -0.02293510687280169 -0.5835475235349596 -0.8117550545878659 -0.10716206184306437 0.808725485226428 -0.5783419248565869,76.32907341164984 -201.2815986646453 998.8441814296604,-1
000002,000844,8,0.7296349406242371,0.9792128108091341 -0.18848666014299348 -0.07493363794327965 -0.18212884099899668 -0.6544363436580729 -0.7338543161798634 0.08928245305566504 0.7322471243013471 -0.6751613085246893,139.47796035442542 -262.7781903188304 940.4030121555677,-1
000002,000850,8,0.6701421141624451,0.9975803840211924 0.011479948657695856 -0.06856812812777424 -0.05976567382774137 -0.3622461492317164 -0.9301643895563351 -0.03551677980963688 0.93201176931711 -0.36068354579373874,6.035904481385531 -210.60962626386825 1014.5998356203291,-1
000002,000856,8,0.8199468851089478,0.7727730208827628 0.6175261772278834 0.14657175251065896 0.4761219892104243 -0.41133830975438257 -0.7772442642559136 -0.41967810234278097 0.6704194324202757 -0.6118889401249525,157.99526197622512 -109.62312981480338 971.5313476668673,-1
000002,000867,8,0.6910024881362915,0.7928431732767385 -0.32536921597627055 -0.5153004714566627 -0.5970503895993071 -0.5842331355302068 -0.549729456758376 -0.1221905678347858 0.7435095941839155 -0.6574670702694414,-12.22160216215832 -112.89287693653303 945.3323099744787,-1
000002,000871,8,0.6669955253601074,0.9113068506497077 -0.12235063227021079 -0.3931286643606531 -0.40164486799943355 -0.4741920936476094 -0.7834687347506692 -0.09056060936537996 0.8718785357520717 -0.48127600701281037,-126.36402672845335 -121.37322749930006 902.7991253987608,-1
000002,000877,8,0.8728464841842651,0.7224785431141589 0.673109085007967 0.1579522536065254 0.2967917944254478 -0.09559840466141267 -0.9501450288181884 -0.6244512675152204 0.7333383289491494 -0.26884104930740116,29.305269347346908 31.892072345960628 1000.5512679427087,-1
000002,000883,8,0.8525564074516296,0.9218015685214742 0.36607369508510224 -0.1275614284887458 -0.0642371629925669 -0.18026417975011189 -0.9815184218289975 -0.38230283174731544 0.9129594050480881 -0.14265226802341724,28.36633577786698 6.193037495390982 992.7081829477187,-1
000002,000886,8,0.8669642806053162,0.870176195879863 0.47021547413273135 -0.1472779549361718 0.02064975946717773 -0.33343311357687133 -0.9425475829921699 -0.49230780570492494 0.8171412158596361 -0.2998553947912861,-2.8011558300717514 -56.70208146256827 992.848933308237,-1
000002,000894,8,0.8180628418922424,0.934063314315056 -0.3456283752499691 -0.08981509379185443 -0.32641608608741174 -0.7243328123108701 -0.6072845426595358 0.14483875031961738 0.5965593040359799 -0.7893913688240828,28.726144051642414 -189.8303930705472 861.2863367992312,-1
000002,000902,8,0.7046704292297363,0.9711739611333494 -0.2210106998952908 0.08930513842077234 -0.01705567355828097 -0.43811330567811035 -0.898757940375089 0.23776089084631422 0.871327149766144 -0.4292537208509375,48.776583656559 -246.62674235662914 930.0610430335546,-1
000002,000903,8,0.7108089327812195,0.9765400519984014 -0.15244823805394603 -0.1520824169889696 -0.18414904050990039 -0.22513517295730123 -0.9567671005928086 0.11161835746078011 0.9623272253302063 -0.24792671027145108,15.123372250602044 -44.37635114485923 1064.2821041353798,-1
000002,000904,8,0.7372205257415771,0.986857746296189 -0.06016450264230096 -0.14997340163179315 -0.16090929786441693 -0.2806931772482024 -0.9462132624874215 0.014831939724355953 0.9579100024888112 -0.2866852641764124,149.25206008386675 -106.53561275652123 1036.312409671754,-1
000002,000907,8,0.8499854207038879,0.7120788477377558 0.6985476722190846 0.07053271752717599 0.5668854359370061 -0.5127646773031551 -0.6447583176917551 -0.4142277358253315 0.4991027302544937 -0.7611253822633495,164.2340963226622 -48.87201221534861 779.2614865067472,-1
000002,000909,8,0.8003489375114441,0.5939750463085383 0.8018795663744049 0.06467461166459554 0.49804381331542436 -0.3033966344050425 -0.812344041801209 -0.6317800284758934 0.5147228800654678 -0.5795811870274175,160.96576629939753 -65.853888176256 838.7189646987761,-1
000002,000918,8,0.8575352430343628,0.980628335549892 0.17831765571420444 0.08106097197319354 0.1927047285904791 -0.8040713121721372 -0.5624359630399245 -0.03511346031820571 0.5671614748926164 -0.8228577679660769,57.89581462191188 -135.48856722948955 834.8818441130741,-1
000002,000925,8,0.7122334837913513,0.9910461618849417 0.11959903648376864 0.05935971264485807 0.10029752552875625 -0.3733763440995199 -0.9222421114000842 -0.08813575543407134 0.9199381371260956 -0.3820286801734061,27.48272890249429 -141.50038989766767 812.7573932399132,-1
000002,000934,8,0.8261625170707703,0.9514832688173063 0.30757912591032516 0.008641207379415997 0.18532771063871803 -0.5504334685222103 -0.8140495294513848 -0.2456282329662967 0.7761559624423751 -0.5807311711411791,23.586294447059366 -174.1871437593041 794.5767352866658,-1
000002,000942,8,0.8072972893714905,0.9821135651427582 0.04767377504380416 0.18215421031547427 0.1628738453705498 -0.7004916548352607 -0.6948262746905649 0.09447251270497423 0.7120664664757292 -0.6957271675477232,0.9227933201070151 -185.73060255823364 777.1550431793204,-1
000002,000952,8,0.7999880313873291,0.757492556952208 0.5034639550323438 0.4156068721101662 0.5207373390700673 -0.08200100873043192 -0.8497696501202061 -0.3937482061676367 0.8601162017718198 -0.3242876340371099,53.287872121917644 -116.78540321057262 872.3169839158408,-1
000002,000956,8,0.7870182991027832,0.7840025241821922 0.6111889742442413 0.10857292405670618 0.25304356573698217 -0.1549494042476618 -0.9549657773776022 -0.566841244013758 0.7761692598174491 -0.2761381614325853,62.942003827101246 -90.88003757411383 866.9962442995854,-1
000002,000961,8,0.5926578640937805,0.857227825934488 -0.513774389494308 -0.034588020229297564 -0.48493598749563355 -0.7828684650714006 -0.3898128453865828 0.17319798634876188 0.3509313937174904 -0.9202443232252149,-65.50759733019191 -143.2420452222355 730.3588949581127,-1
000002,000968,8,0.7527790069580078,0.6392655367215809 -0.7178895656101566 -0.2756340783505004 -0.6642646558249042 -0.3349350283246151 -0.6682596754428708 0.3874171402789128 0.610289356280486 -0.6909810858691137,-129.4973000013689 -169.66406705262864 809.9722030770436,-1
000002,000969,8,0.6757275462150574,0.6940579614339877 -0.6564071160528592 -0.29565730866201423 -0.6935800835963203 -0.49960475671422966 -0.5189814589241483 0.19295132497243606 0.565265234260594 -0.8020255613929632,-58.53965252266916 -116.95989100800611 844.1535421380112,-1
000002,000972,8,0.8811323046684265,0.8084565583552357 0.5808762051590555 -0.0947672281562697 0.34558759906520686 -0.5988505159574717 -0.7224591828676661 -0.4764107520037235 0.5513264856847393 -0.6848882401952612,135.64876179386056 -101.38960114179058 715.2665455668716,-1
000002,000982,8,0.8246974945068359,0.8355320638765799 0.5471452209219775 -0.05018244171404283 0.49842245991994927 -0.7932146364256105 -0.3498365218320318 -0.23121682828351708 0.26728757506181905 -0.9354657292151773,2.188807720015831 -136.66863709277965 673.5246609188804,-1
000002,000984,8,0.7072221636772156,0.882137051436948 0.4703081019581873 -0.025387235269219863 0.45977490178955527 -0.8715688411070659 -0.1702198428377003 -0.10218249442312614 0.13848481665429574 -0.9850790290071627,13.186726194574046 -113.90880662288349 650.4928903777997,-1
000002,000991,8,0.8337121605873108,0.9072942180125214 0.4139297632381948 -0.07402265238843608 0.08341977410187867 -0.3497194030292363 -0.9331331525745222 -0.41213874271880674 0.8404513610259948 -0.35182831963859096,41.81708120098685 -129.6871689003093 807.1501956071734,-1
000002,001001,8,0.6908093690872192,0.9217176171565722 -0.3876743031495548 -0.012052754901584917 -0.22115590280382896 -0.49977458257385954 -0.837445779300456 0.31863254836603555 0.7745540660861784 -0.5463874978722834,-29.580328995824274 -234.91539952118154 791.2989783237709,-1
000002,001012,8,0.7772719264030457,0.8205599411209247 0.566866007476387 0.07310480555616938 0.4048033280054739 -0.4860857784137729 -0.7745029900907866 -0.4035042114567299 0.6651191965292064 -0.6283317640745416,-15.639371328395445 -61.57372682536649 1075.772208919756,-1
000002,001038,8,0.750493586063385,0.8343819188714305 0.5499763447173525 0.03650799517597922 0.38081517130901427 -0.5273241673935407 -0.7595452769806386 -0.39848038692176 0.6476536441139267 -0.6494290865865462,38.91503652770878 -213.88700311362734 937.1502285774666,-1
000002,001050,8,0.4606874883174896,0.7884265872889813 0.48984080900430677 0.372074586998167 0.555092238139322 -0.3059249597989142 -0.7734872501402404 -0.2650587172936001 0.8163736281911848 -0.5131062030229536,253.9867210967567 -72.86562197527292 1104.033885187033,-1
000002,001057,8,0.7180266380310059,0.9275395188814217 0.3160510508471743 0.19945469202708077 0.2888831376514021 -0.26773811737157804 -0.9191642036584128 -0.23710118872308894 0.9101802204864265 -0.3396395037998057,8.492647705222954 -29.75032142200658 1082.2864548830494,-1
000002,001061,8,0.733275830745697,0.9291830158474115 0.33183347195539614 -0.16280500591424207 -0.05024769092839049 -0.3229733023659165 -0.9450732328847429 -0.3661886025220802 0.886326572347282 -0.28342744139205056,-80.40800790089882 -16.155247392131557 976.0585258710186,-1
000002,001069,8,0.7451973557472229,0.886654851098569 0.39968074464529346 -0.23259079384867792 -0.0357579403472611 -0.4422094919961741 -0.8961987139527748 -0.4610472261336101 0.8029359050062898 -0.3777954310552665,-178.47818617204956 -85.62241510079546 1035.3549920813482,-1
000002,001071,8,0.737787127494812,0.6227154466518934 0.7741661983409189 -0.11354369135932646 0.21633359787821071 -0.30980440279853383 -0.9258623042524804 -0.7519476357634232 0.5519854430625982 -0.3603981461061996,136.61713480233357 -64.57219539165257 1118.056692645197,-1
000002,001087,8,0.765941858291626,0.5664620600384873 0.8153865488723488 -0.11943831234153457 0.2987440638025471 -0.3382579340477443 -0.8923752318371975 -0.7680317173656913 0.4698152253511937 -0.4352021773251078,-185.01796339837344 -42.21847542091557 1080.8433382568576,-1
000002,001098,8,0.8188738822937012,0.6223146553852854 0.7282789229025788 -0.28693950607846463 0.10853833394973605 -0.44331303074927475 -0.8897713115353341 -0.775205714475912 0.5225737911757082 -0.35492637690109574,54.442632043579245 -223.8661042527702 1040.2197145574455,-1
000002,001099,8,0.7523086667060852,0.9472878310111023 0.29910289286125646 0.11481822460005678 0.31850398524716106 -0.8404124209652957 -0.4384771078048743 -0.03465510929080412 0.45193409051462236 -0.891377922786269,-60.93071098752398 -237.23698910386233 956.7813800413385,-1
000002,001103,8,0.8551759123802185,0.8138107189338077 0.5810813635379188 -0.007520817598646895 0.5354677885580825 -0.7548313918222249 -0.37881897700146977 -0.22580159690568125 0.30425978845163953 -0.9254402303586162,33.97051304875126 -79.67186744356631 868.5507887194736,-1
000002,001107,8,0.6851024627685547,0.8634961304196067 0.5008497581308778 0.05936288849615262 0.4249292918859163 -0.6590542116557585 -0.6205502743502257 -0.2716790931369199 0.5610677908052181 -0.7819164945652783,131.59334530647914 -123.26865148276596 906.5438038432098,-1
000002,001117,8,0.699325680732727,0.5749753075254527 0.8144587318194483 -0.07784837762642882 0.15023496818751259 -0.19863113530821797 -0.9684911597014532 -0.8042591933386327 0.5451629538488694 -0.23656817977290912,212.49877849195946 67.91353509631462 942.5468440345575,-1
000002,001123,8,0.8158525228500366,0.5374287454409774 0.8350465089351555 -0.1177610779882145 0.09361004253271982 -0.1978504864314914 -0.9757521944407017 -0.83809755011619 0.5133736582003714 -0.18449927792598264,-9.460930933175742 -32.74529771829343 978.1640629559923,-1
000002,001131,8,0.5973659753799438,0.8324572939714612 0.503787781849735 0.2306788342536783 0.46252119386081647 -0.40255946370482043 -0.7899493802841119 -0.3051048982616916 0.7642929733031772 -0.5681260881319496,159.57244109024987 -170.568313866349 911.0026655088672,-1
000002,001144,8,0.7745984792709351,0.4465002811058292 0.8920267816710726 0.07018347208541331 0.8301227199374114 -0.38368276277819535 -0.40457855527771747 -0.33396671812641676 0.2389053334030858 -0.9118061596937317,66.5639760692422 23.777305054111395 769.3349475254279,-1
000002,001148,8,0.8220953345298767,0.9213681473219415 0.38198738640941204 0.07187749108475927 0.3657203841698589 -0.7893371478285323 -0.49314852495021133 -0.1316409423514733 0.4806584064406082 -0.8669706792128506,-12.540594263491867 -135.74597484949345 710.7242874127754,-1
000002,001151,8,0.7828953862190247,0.7899877560919564 0.5990527273480672 0.1305954634803132 0.43664010491605554 -0.40015508132973787 -0.8057427192751336 -0.4304239352123574 0.6935500996631987 -0.577688060507983,47.83066543861002 -60.59393264881757 831.8053377894687,-1
000002,001157,8,0.845782995223999,0.675059417590488 0.7071666083347997 -0.21026214775524113 0.3631033682117676 -0.5665557529376286 -0.739709755787056 -0.6422232685878491 0.4230011428702438 -0.6392333739838738,8.522268665021006 -151.0471302586962 821.7409055172253,-1
000002,001168,8,0.8200962543487549,0.9319119520926966 0.35811989610899775 -0.05736073184383374 0.19401198538000763 -0.62586144165104 -0.7554182982847251 -0.3064301928265021 0.6928546715331887 -0.6527273098767588,64.78534215373249 -177.06850907883376 833.7383211917168,-1
000002,001169,8,0.8194792866706848,0.8981806248566885 0.4396174399011265 -0.0028410679027633945 0.29159732516825193 -0.6005727362123392 -0.7445021077694446 -0.3290023785427234 0.6678689205624141 -0.6676140650555731,48.17035786649185 -188.44206437135864 792.0964157301253,-1
000002,001176,8,0.6241135001182556,0.9767071569421132 0.06918518896138895 0.20311705789133308 0.21301774615110078 -0.426523309602421 -0.8790343031932841 0.0258180053985477 0.9018266330033584 -0.4313260421109144,58.591329751663935 -171.71271538520418 790.6651709484095,-1
000002,001180,8,0.7985199689865112,0.75750089690895 0.6461281770162408 0.09333150619059793 0.5496399176321614 -0.5540692758805574 -0.6252225191645815 -0.35226176648544644 0.5249053404099295 -0.77484581142424,35.20837213049137 -160.11159140080323 721.6961146896265,-1
000002,001199,8,0.7120554447174072,0.882633159465703 0.46216839907576585 0.08578506109652573 0.3554543387037072 -0.5368072494963443 -0.7651733071565421 -0.3075888796889465 0.7058600057971223 -0.6380836413102795,58.04030752156261 -199.46836846888468 761.0145831464524,-1
000002,001212,8,0.6792545318603516,0.8819202605553222 0.470879501787826 -0.02211670902465554 0.17609375884520295 -0.3726045360238037 -0.9111294352781354 -0.43727296065249677 0.7996488945346796 -0.41152643092718266,53.52213773199914 -115.85325470330064 786.84772530911,-1
